item,mean_diff_total,t_total,p_t_total,mean_diff_fire,t_fire,p_t_fire,mean_diff_police,t_police,p_t_police
effects,-0.7297297297297296,13.479683961400882,6.358422219321301e-31,-0.6953125,9.843066973600658,1.2318507774890483e-17,-0.8205128205128206,9.227623100113801,2.185105300802164e-14
hygiene,-0.9234234234234233,15.794624753477752,2.0175331873099137e-38,-0.9375,12.778329870750493,7.457922612761457e-25,-0.8717948717948718,8.15026782821533,2.611299301949895e-12
