item,d_total,t_total,p_t_total,d_fire,t_fire,p_t_fire,d_police,t_police,p_t_police
signs,0.5401535102020334,6.158697581133949,4.320769386628131e-9,0.6703675950928769,4.132423390327167,9.854329957097814e-5,0.5228243191311183,4.876580602709015,2.4488866827662283e-6
reduction,0.3450608803543469,3.9342993594310025,6.780260462062048e-5,0.41996354608673375,2.588829164233568,0.0068432923043789525,0.3277240286021066,3.0568062395771687,0.001490163699849244
effects,0.15071087193621985,1.7183683247694117,0.04406428070566745,0.1846561416281608,1.138296905186857,0.13115680957344394,0.13894874189269646,1.2960275845829812,0.09921670114883072
