item,mean_diff_total,t_total,p_t_total,mean_diff_fire,t_fire,p_t_fire,mean_diff_police,t_police,p_t_police
signs,-0.36923076923076886,6.158697581133949,4.320769386628131e-9,-0.3157894736842105,4.132423390327167,9.854329957097814e-5,-0.4022988505747125,4.876580602709015,2.4488866827662283e-6
reduction,-0.23846153846153845,3.9342993594310025,6.780260462062048e-5,-0.34210526315789475,2.588829164233568,0.0068432923043789525,-0.20689655172413796,3.0568062395771687,0.001490163699849244
effects,-0.061538461538461736,1.7183683247694117,0.04406428070566745,-0.07894736842105261,1.138296905186857,0.13115680957344394,-0.05747126436781605,1.2960275845829812,0.09921670114883072
